<?xml version="1.0" encoding="UTF-8"?>
<beans:beans xmlns="http://www.springframework.org/schema/mvc"
	xmlns:xsi="http://www.w3.org/2001/XMLSchema-instance"
	xmlns:beans="http://www.springframework.org/schema/beans"
	xmlns:context="http://www.springframework.org/schema/context"
	xmlns:p="http://www.springframework.org/schema/p"
	xsi:schemaLocation="http://www.springframework.org/schema/mvc https://www.springframework.org/schema/mvc/spring-mvc.xsd
		http://www.springframework.org/schema/beans https://www.springframework.org/schema/beans/spring-beans.xsd
		http://www.springframework.org/schema/context https://www.springframework.org/schema/context/spring-context.xsd">

	<!-- DispatcherServlet Context: defines this servlet's request-processing infrastructure -->
	
	<!-- Enables the Spring MVC @Controller programming model -->
	<annotation-driven />

	<!-- Handles HTTP GET requests for /resources/** by efficiently serving up static resources in the ${webappRoot}/resources directory -->
	<resources mapping="/resources/**" location="/resources/" />

	<!-- Resolves views selected for rendering by @Controllers to .jsp resources in the /WEB-INF/views directory -->
	<beans:bean id="viewResolver" class="org.springframework.web.servlet.view.InternalResourceViewResolver">
		<beans:property name="prefix" value="/WEB-INF/views/" />
		<beans:property name="suffix" value=".jsp" />
		<beans:property name="order" value="2" />
		<beans:property name="contentType" value="text/html; charset=UTF-8" />
	</beans:bean>
	
    <!-- Tiles -->
    <beans:bean id="tilesConfigurer" class="org.springframework.web.servlet.view.tiles3.TilesConfigurer">
        <beans:property name="definitions">
            <beans:list>
                <beans:value>/WEB-INF/tiles/tiles.xml</beans:value>
            </beans:list>
        </beans:property>
    </beans:bean>        
    <beans:bean id="tilesViewResolver" class="org.springframework.web.servlet.view.UrlBasedViewResolver">
        <beans:property name="viewClass" value="org.springframework.web.servlet.view.tiles3.TilesView" />
        <beans:property name="order" value="1" />
    </beans:bean>
    
    <!-- Controller -->
	<context:component-scan base-package="com.gsitm.mbms" />
	
	<!-- Interceptor 설정 -->
<!--     <interceptors> -->
<!--     	<interceptor>  -->
<!--     		<mapping path="/**"/> -->
<!--     		<exclude-mapping path="/member/loginForm.do"/> -->
<!--     		<exclude-mapping path="/member/login.do"/> -->
<!--     		<exclude-mapping path="/member/beLoginForm.do"/> -->
<!--     		<exclude-mapping path="/order/*.do"/> -->
<!--     		<exclude-mapping path="/myPage/guestTracking.do"/> -->
<!--     		<exclude-mapping path="/customerService/*.do"/> -->
<!--     		<bean id="authInterceptor" class="com.conf.AuthInterceptor"/> -->
<!--     	<interceptor> -->
    			
<!-- 		<interceptor> -->
<!-- 			<mapping path="/myPage/*.do"/> -->
<!-- 			<mapping path="/customerService/*.do"/> -->
<!-- 			<mapping path="/member/modifyForm.do"/> -->
<!-- 			<mapping path="/member/checkPwd.do"/> -->
<!-- 			<exclude-mapping path="/customerService/notice.do"/> -->
<!-- 			<exclude-mapping path="/customerService/notice*.do"/> -->
<!-- 			<exclude-mapping path="/customerService/*FaqList.do"/> -->
<!-- 			<exclude-mapping path="/myPage/guestTracking.do"/> -->
<!-- 			<exclude-mapping path="/myPage/getSerialMapper.do"/> -->
<!-- 			<bean id="myPageInterceptor" class="com.conf.MyPageInterceptor"></bean> -->
<!-- 		<interceptor> -->
		
<!-- 		<interceptor> -->
<!-- 			<mapping path="/admin/*.do"/> -->
<!-- 			<bean id="adminInterceptor" class="com.conf.AdminInterceptor"></bean> -->
<!-- 		<interceptor> -->
		
<!-- 		<interceptor> -->
<!-- 			<mapping path="/order/*.do"/> -->
<!-- 			<bean id="orderInterceptor" class="com.conf.OrderInterceptor"></bean> -->
<!-- 		<interceptor> -->
		
<!--   	<interceptors> -->
	
</beans:beans>
